<?xml version="1.0" encoding="UTF-8"?>
<!DOCTYPE beans PUBLIC "-//SPRING//DTD BEAN//EN" 
        "http://www.springframework.org/dtd/spring-beans.dtd">
 
<beans>
 
    <!-- =========================================================================== -->
    <!-- ========================= GENERAL DEFINITIONS ============================= -->
    <!-- =========================================================================== -->

	<!-- Import deployment configuration file path from JNDI --> 
    <bean id="configurationPath" class="org.springframework.jndi.JndiObjectFactoryBean"> 
    	<property name="jndiName"> 
        	<value>java:comp/env/jdbcProperties</value> 
		</property> 
	</bean> 
        
    <bean id="configurationProperties" class="org.springframework.beans.factory.config.PropertiesFactoryBean"> 
    	<property name="location"> 
        	<ref bean="configurationPath" /> 
		</property> 
	</bean> 
        
    <bean id="propertyPlaceholderConfigurer" class="org.springframework.beans.factory.config.PropertyPlaceholderConfigurer"> 
    	<property name="properties"> 
        	<ref bean="configurationProperties" /> 
		</property> 
	</bean>  


    <!-- =========================================================================== -->
    <!-- ========================= PERSISTENCE DEFINITIONS ========================= -->
    <!-- =========================================================================== -->
	<!--  Local DataSource that works in any environment -->
 	<bean id="dataSource" class="org.apache.commons.dbcp.BasicDataSource">
		<property name="driverClassName"><value>${jdbc.driverClassName}</value></property>
		<property name="url"><value>${jdbc.url}</value></property>
		<property name="username"><value>${jdbc.username}</value></property>
		<property name="password"><value>${jdbc.password}</value></property>
		<property name="initialSize"><value>${jdbc.initialSize}</value></property>
		<property name="minIdle"><value>${jdbc.minIdle}</value></property>
		<property name="maxIdle"><value>${jdbc.maxIdle}</value></property>
		<property name="maxActive"><value>${jdbc.maxActive}</value></property>
		<property name="maxWait"><value>${jdbc.maxWait}</value></property>
	</bean>
	
    
   	
    <!--  =========================================================================== -->
    <!--  ====================== RADAR SPECIFIC DEFINITIONS ========================= -->
    <!--  =========================================================================== -->
    
    <!--  =========================================================================== -->
    <!-- Visit Service Beans --> 
    <!--  =========================================================================== -->
    <bean id="visitDAO" class="com.dancik.rest.daos.Visit_DAO"> 
        <property name="dataSource"><ref local="dataSource"/></property>
    </bean>
    
    <!--  =========================================================================== -->
    <!-- Generic Utilities Service Bean --> 
    <!--  =========================================================================== -->
    <bean id="genUtilsDAO" class="com.dancik.om.dao.GenericUtils_DAO"> 
        <property name="dataSource"><ref local="dataSource"/></property>
    </bean>   

    
    <!--  =========================================================================== -->
    <!-- Order Manager : Service Bean --> 
    <!--  =========================================================================== -->
    <bean id="omDAO" class="com.dancik.om.dao.OrderManager_DAO"> 
        <property name="dataSource"><ref local="dataSource"/></property>
    </bean>   
    
    <!--  =========================================================================== -->
    <!-- OM Cash Register Bean --> 
    <!--  =========================================================================== -->
    <bean id="omCashRegisterDAO" class="com.dancik.om.dao.OM_CashRegister_DAO"> 
        <property name="dataSource"><ref local="dataSource"/></property>
	 </bean>

	<!--  =========================================================================== -->
    <!-- OM Job Estimate Bean --> 
    <!--  =========================================================================== -->
    <bean id="jobEstimateDAO" class="com.dancik.om.dao.JobEstimate_DAO"> 
        <property name="dataSource"><ref local="dataSource"/></property>
    </bean>   
   
	<!--  =========================================================================== -->
    <!-- OM AddOns Bean --> 
    <!--  =========================================================================== -->
    <bean id="omAddOnsDAO" class="com.dancik.om.dao.OM_AddOns_DAO"> 
        <property name="dataSource"><ref local="dataSource"/></property>
    </bean>
    
 </beans>
