<?xml version="1.0" encoding="UTF-8"?>
<config>
	<app-id>om</app-id>	<!-- The id of the navigator application to load appConfig data for -->
	<!-- URL to stored procedure mappings -->
	<routes>
		<route>
			<url>/ai/getItem</url>
			<actions>
				<get>
					<call>Dancik_OM_AddItem_Get</call>
				</get>
				<put>
					<call>Dancik_OM_AddItem_Get</call>
				</put>
				<post>
					<call>Dancik_OM_AddItem_Get</call>
				</post>
				<delete>
					<call>Dancik_OM_AddItem_Get</call>
				</delete>
			</actions>
		</route>
		<route>
			<url>/ai/runISO</url>
			<actions>
				<get>
					<call>Dancik_OM_AddItem_RunISO</call>
				</get>
				<put>
					<call>Dancik_OM_AddItem_RunISO</call>
				</put>
				<post>
					<call>Dancik_OM_AddItem_RunISO</call>
				</post>
				<delete>
					<call>Dancik_OM_AddItem_RunISO</call>
				</delete>
			</actions>
		</route>
		<route>
			<url>/ai/addItems</url>
			<actions>
				<get>
					<call>Dancik_OM_AddItem</call>
				</get>
				<put>
					<call>Dancik_OM_AddItem</call>
				</put>
				<post>
					<call>Dancik_OM_AddItem</call>
				</post>
				<delete>
					<call>Dancik_OM_AddItem</call>
				</delete>
			</actions>
		</route>
		<route>
			<url>/ai/relatedItems</url>
			<actions>
				<get>
					<call>Dancik_OM_AddItem_Related</call>
				</get>
				<put>
					<call>Dancik_OM_AddItem_Related</call>
				</put>
				<post>
					<call>Dancik_OM_AddItem_Related</call>
				</post>
				<delete>
					<call>Dancik_OM_AddItem_Related</call>
				</delete>
			</actions>
		</route>
		<route>
			<url>/ai/deallocate</url>
			<actions>
				<get>
					<call>Dancik_OM_AddItem_Dealloc</call>
				</get>
				<put>
					<call>Dancik_OM_AddItem_Dealloc</call>
				</put>
				<post>
					<call>Dancik_OM_AddItem_Dealloc</call>
				</post>
				<delete>
					<call>Dancik_OM_AddItem_Dealloc</call>
				</delete>
			</actions>
		</route>
		<route>
			<url>/order-line/cancel</url>
			<actions>
				<post>
					<call3>Dancik_OM_CancelLine</call3>
				</post>
			</actions>
		</route>		
		<route>
			<url>/getLineDetail</url>
			<actions>
				<get>
					<call>dancik_om_getlineitem</call>
				</get>
				<put>
					<call>dancik_om_getlineitem</call>
				</put>
				<post>
					<call>dancik_om_getlineitem</call>
				</post>
				<delete>
					<call>dancik_om_getlineitem</call>
				</delete>
			</actions>
		</route>
		<route>
			<url>/updateLineDetail</url>
			<actions>
				<get>
					<call>dancik_om_updatelineItem</call>
				</get>
				<put>
					<call>dancik_om_updatelineItem</call>
				</put>
				<post>
					<call>dancik_om_updatelineItem</call>
				</post>
				<delete>
					<call>dancik_om_updatelineItem</call>
				</delete>
			</actions>
		</route>
		<route>
			<url>/specialCharges</url>
			<actions>
				<get>
					<call>DANCIK_OM_SC_GetSpecialCharges</call>
				</get>
				<put>
					<call>DANCIK_OM_SC_GetSpecialCharges</call>
				</put>
				<post>
					<call>DANCIK_OM_SC_GetSpecialCharges</call>
				</post>
				<delete>
					<call>DANCIK_OM_SC_GetSpecialCharges</call>
				</delete>
			</actions>
		</route>
		<route>
			<url>/specialChargesUpdate</url>
			<actions>
				<get>
					<call>DANCIK_OM_SC_UpdateSpecialCharges</call>
				</get>
				<put>
					<call>DANCIK_OM_SC_UpdateSpecialCharges</call>
				</put>
				<post>
					<call>DANCIK_OM_SC_UpdateSpecialCharges</call>
				</post>
				<delete>
					<call>DANCIK_OM_SC_UpdateSpecialCharges</call>
				</delete>
			</actions>
		</route>
		<route>
			<url>/shippingCharges</url>
			<actions>
				<get>
					<call>DANCIK_OM_GetShippingCharges</call>
				</get>
				<put>
					<call>DANCIK_OM_GetShippingCharges</call>
				</put>
				<post>
					<call>DANCIK_OM_GetShippingCharges</call>
				</post>
				<delete>
					<call>DANCIK_OM_GetShippingCharges</call>
				</delete>
			</actions>
		</route>
		<route>
			<url>/updateShippingCharges</url>
			<actions>
				<get>
					<call>DANCIK_OM_UpdateShippingCharges</call>
				</get>
				<put>
					<call>DANCIK_OM_UpdateShippingCharges</call>
				</put>
				<post>
					<call>DANCIK_OM_UpdateShippingCharges</call>
				</post>
				<delete>
					<call>DANCIK_OM_UpdateShippingCharges</call>
				</delete>
			</actions>
		</route>
		<route>
			<url>/notepad</url>
			<actions>
				<get>
					<call3>Dancik_OM_Notepad_Get</call3>
				</get>
				<post>
					<call3>Dancik_OM_Notepad_Post</call3>
				</post>
			</actions>
		</route>
		<route>
			<url>/notepad/search</url>
			<actions>
				<get>
					<call3>Dancik_OM_Notepad_Search</call3>
				</get>
			</actions>
		</route>
		
		<route>
			<url>/inst-sched/getlist</url>
			<actions>
				<get>
					<call3>Dancik_OM_InstScheduler_Retrieve_OrderLines</call3>
				</get>
			</actions>
		</route>
		<route>
			<url>/inst-sched/getline</url>
			<actions>
				<get>
					<call3>Dancik_OM_InstScheduler_Detail_Line</call3>
				</get>
			</actions>
		</route>
		<route>
			<url>/inst-sched/getMeasureStatus</url>
			<actions>
				<get>
					<call3>Dancik_OM_InstScheduler_Has_Measure_Been_Done</call3>
				</get>
			</actions>
		</route>
		<route>
			<url>/inst-sched/getMeasureInfo</url>
			<actions>
				<get>
					<call3>Dancik_OM_InstScheduler_Retrieve_Measure_Data</call3>
				</get>
			</actions>
		</route>
		<route>
			<url>/validateBeforeEndOfOrder</url>
			<actions>
				<get>
					<call3>Dancik_OM_ValidateOrder_Before_EndOfOrder</call3>
				</get>
			</actions>
		</route>
		<route>
			<url>/cash-reg/init</url>
			<actions>
				<get>
					<call3>Dancik_OM_CashRegisterRetrieve</call3>
				</get>
			</actions>
		</route>
		<route>
			<url>/cash-reg/applypayment</url>
			<actions>
				<get>
					<call3>Dancik_OM_CashRegisterProcess</call3>
				</get>
			</actions>
		</route>
		<route>
			<url>/cash-reg/continue</url>
			<actions>
				<get>
					<call3>Dancik_OM_CashRegisterContinue</call3>
				</get>
			</actions>
		</route>
		<route>
			<url>/order-status/retrieve</url>
			<actions>
				<post>
					<call3>Dancik_OM_OrderStatusRetrieve</call3>
				</post>
			</actions>
		</route>
		<route>
			<url>/order-status/update</url>
			<actions>
				<post>
					<call3>Dancik_OM_OrderStatusUpdate</call3>
				</post>
			</actions>
		</route>
		<route>
			<url>/config/get</url>
			<actions>
				<get>
					<call3>Dancik_Navigator_GetConfig</call3>
				</get>
			</actions>
		</route>
	</routes>
</config>
